{"Fid":"fwrLpenPStCbRiH2neQU0z","Status":3,"AuthToken":"eyJhbGciOiJFUzI1NiIsInR5cCI6IkpXVCJ9.eyJhcHBJZCI6IjE6NzU0Nzk1NjE0MDQyOmFuZHJvaWQ6YzY4MmI4MTQ0YThkZDUyYmMxYWQ2MyIsImV4cCI6MTc1Njc5MDU2MSwiZmlkIjoiZndyTHBlblBTdENiUmlIMm5lUVUweiIsInByb2plY3ROdW1iZXIiOjc1NDc5NTYxNDA0Mn0.AB2LPV8wRQIgabZGWDeQRj4W49650LGl42sUfmH53JEDJwJBfEwSo-4CIQD9zPAuKv1P3tBJ5NCkaRO4n1CPWNnumf2uhKNH-hgOBw","RefreshToken":"3_AS3qfwKPAY3RcMp5HWD7e09AaeplXt0Q1J8jz0Y7gOvAHsa8_NlsTqzg9kh2u61zvK2NxotLADgiDZK1V6sumJ4O1qL2X7xtjryOtdnFHZhrcCk","TokenCreationEpochInSecs":1756185762,"ExpiresInSecs":604800}