{"Fid":"dcjYZOl7TKmJ_jynOBfPTi","Status":3,"AuthToken":"eyJhbGciOiJFUzI1NiIsInR5cCI6IkpXVCJ9.eyJhcHBJZCI6IjE6Mzg2NDM3MzkwMTI6YW5kcm9pZDpiZWY0ZDlkNDk2OTgzM2NhMDI1NWQxIiwiZXhwIjoxNzU2NzkwNTYwLCJmaWQiOiJkY2pZWk9sN1RLbUpfanluT0JmUFRpIiwicHJvamVjdE51bWJlciI6Mzg2NDM3MzkwMTJ9.AB2LPV8wRQIhANRcrkxxKHhB-N8iKWCKWfbmqWPoqg3ViCnMs15GUEDxAiA4U-FOr1e9Ki0YQwD2VA5nkyXbz50LrzgMkBbhGkzv9A","RefreshToken":"3_AS3qfwIhzyl4m8yyyJwsriwVPSCKslqE3gXwS-ihg34WeUNlvpwtzbLj2zAxJiVQSneSDlyxXYjf7s5tOZDixj6d5v91tNTkeFLqGqE9N6LUzEw","TokenCreationEpochInSecs":1756185761,"ExpiresInSecs":604800}