<?xml version='1.0' encoding='utf-8' standalone='yes' ?>
<map>
    <boolean name="periodicMetadataPaused" value="false" />
    <int name="totalSessions" value="0" />
    <string name="shared_prefs_app_apk_hash">F9E5B3CEF5810DFE18C5AFE413873B5F65A3D8FE9776C20CEF67D6434EA45CF0</string>
    <int name="shared_prefs_app_version_id" value="40" />
    <int name="advIdHash" value="-1298382890" />
    <boolean name="shared_prefs_first_init" value="false" />
    <boolean name="chromeTabs" value="true" />
    <boolean name="periodicInfoEventPaused" value="false" />
    <long name="firstSessionTime" value="1756185762420" />
    <int name="autoLoadNotShownAdPrefixFULLPAGE" value="1" />
</map>
