<?xml version='1.0' encoding='utf-8' standalone='yes' ?>
<map>
    <long name="fire-count" value="1" />
    <string name="last-used-date">2025-08-26</string>
    <long name="fire-global" value="1756185760390" />
    <set name="android-min-sdk/24 fire-fcm/23.3.1 fire-core-ktx/20.4.2 device-brand/realme fire-android/34 fire-core/20.4.2 android-installer/com.google.android.packageinstaller fire-installations/17.2.0 kotlin/1.9.20 android-platform/ fire-rtdb/20.3.0 device-name/RMX3660 fire-dl/21.2.0 android-target-sdk/35 fire-transport/18.1.7 device-model/RE588BL1">
        <string>2025-08-26</string>
    </set>
</map>
