<?xml version='1.0' encoding='utf-8' standalone='yes' ?>
<map>
    <string name="ONESIGNAL_USERSTATE_DEPENDVALYES_CURRENT_STATE">{&quot;subscribableStatus&quot;:1,&quot;userSubscribePref&quot;:true,&quot;androidPermission&quot;:false,&quot;session&quot;:false}</string>
    <string name="ONESIGNAL_USERSTATE_SYNCVALYES_CURRENT_STATE">{&quot;notification_types&quot;:0,&quot;app_id&quot;:&quot;f912151b-c51e-4f2d-8333-205b436817d3&quot;,&quot;device_os&quot;:&quot;14&quot;,&quot;timezone&quot;:19800,&quot;timezone_id&quot;:&quot;Asia\/Kolkata&quot;,&quot;language&quot;:&quot;en&quot;,&quot;sdk&quot;:&quot;040803&quot;,&quot;sdk_type&quot;:&quot;native&quot;,&quot;android_package&quot;:&quot;com.tamashaplus.user&quot;,&quot;device_model&quot;:&quot;RMX3660&quot;,&quot;game_version&quot;:40,&quot;net_type&quot;:1,&quot;carrier&quot;:&quot;JIO 4G&quot;,&quot;rooted&quot;:false,&quot;identifier&quot;:&quot;fwrLpenPStCbRiH2neQU0z:APA91bF9KPSFKMiFJSlBaaBSfGTDuwAs_-JPurIhTJJQeDh9xTVvacvwRirKu37pRsPX3KiMLm8TfYGvju8kMtzlRMqCHPMY51vDvc_67UVlCazu7_9jAXs&quot;,&quot;device_type&quot;:1}</string>
    <boolean name="GT_FIREBASE_TRACKING_ENABLED" value="false" />
    <int name="PREFS_OS_INDIRECT_ATTRIBUTION_WINDOW" value="60" />
    <boolean name="PREFS_OS_INDIRECT_ENABLED" value="false" />
    <boolean name="PREFS_OS_UNATTRIBUTED_ENABLED" value="false" />
    <boolean name="OS_CLEAR_GROUP_SUMMARY_CLICK" value="true" />
    <string name="ONESIGNAL_USERSTATE_SYNCVALYES_smsTOSYNC_STATE">{&quot;app_id&quot;:&quot;f912151b-c51e-4f2d-8333-205b436817d3&quot;,&quot;device_os&quot;:&quot;14&quot;,&quot;timezone&quot;:19800,&quot;timezone_id&quot;:&quot;Asia\/Kolkata&quot;,&quot;language&quot;:&quot;en&quot;,&quot;sdk&quot;:&quot;040803&quot;,&quot;sdk_type&quot;:&quot;native&quot;,&quot;android_package&quot;:&quot;com.tamashaplus.user&quot;,&quot;device_model&quot;:&quot;RMX3660&quot;,&quot;game_version&quot;:40,&quot;net_type&quot;:1,&quot;carrier&quot;:&quot;JIO 4G&quot;,&quot;rooted&quot;:false}</string>
    <string name="ONESIGNAL_USERSTATE_DEPENDVALYES_smsTOSYNC_STATE">{&quot;subscribableStatus&quot;:1,&quot;userSubscribePref&quot;:true,&quot;session&quot;:true}</string>
    <boolean name="PREFS_OS_OUTCOMES_V2" value="false" />
    <string name="PREFS_OS_HTTP_CACHE_PREFIX_CACHE_KEY_REMOTE_PARAMS">{&quot;awl_list&quot;:{},&quot;android_sender_id&quot;:&quot;973252624796&quot;,&quot;chnl_lst&quot;:[],&quot;outcomes&quot;:{&quot;direct&quot;:{&quot;enabled&quot;:false},&quot;indirect&quot;:{&quot;notification_attribution&quot;:{&quot;minutes_since_displayed&quot;:60,&quot;limit&quot;:10},&quot;enabled&quot;:false},&quot;unattributed&quot;:{&quot;enabled&quot;:false}},&quot;receive_receipts_enable&quot;:false}</string>
    <int name="PREFS_OS_IAM_INDIRECT_ATTRIBUTION_WINDOW" value="1440" />
    <int name="PREFS_OS_NOTIFICATION_LIMIT" value="10" />
    <long name="GT_UNSENT_ACTIVE_TIME" value="52" />
    <int name="PREFS_OS_IAM_LIMIT" value="10" />
    <string name="ONESIGNAL_USERSTATE_SYNCVALYES_emailTOSYNC_STATE">{&quot;app_id&quot;:&quot;f912151b-c51e-4f2d-8333-205b436817d3&quot;,&quot;device_os&quot;:&quot;14&quot;,&quot;timezone&quot;:19800,&quot;timezone_id&quot;:&quot;Asia\/Kolkata&quot;,&quot;language&quot;:&quot;en&quot;,&quot;sdk&quot;:&quot;040803&quot;,&quot;sdk_type&quot;:&quot;native&quot;,&quot;android_package&quot;:&quot;com.tamashaplus.user&quot;,&quot;device_model&quot;:&quot;RMX3660&quot;,&quot;game_version&quot;:40,&quot;net_type&quot;:1,&quot;carrier&quot;:&quot;JIO 4G&quot;,&quot;rooted&quot;:false}</string>
    <long name="OS_LAST_SESSION_TIME" value="1756185797219" />
    <set name="PREFS_OS_UNATTRIBUTED_UNIQUE_OUTCOME_EVENTS_SENT" />
    <boolean name="PREFS_OS_DIRECT_ENABLED" value="false" />
    <string name="ONESIGNAL_USERSTATE_DEPENDVALYES_TOSYNC_STATE">{&quot;subscribableStatus&quot;:1,&quot;userSubscribePref&quot;:true,&quot;androidPermission&quot;:false,&quot;session&quot;:false}</string>
    <string name="GT_APP_ID">f912151b-c51e-4f2d-8333-205b436817d3</string>
    <long name="OS_LAST_LOCATION_TIME" value="1756185785887" />
    <boolean name="PREFS_OS_RECEIVE_RECEIPTS_ENABLED" value="false" />
    <string name="PREFS_OS_ETAG_PREFIX_CACHE_KEY_REMOTE_PARAMS">W/&quot;ca7fcc62020cb5a7f0a9e3fb5f9bac00&quot;</string>
    <string name="GT_PLAYER_ID">8f047442-3c0d-43f3-b347-0cc8dd2bdf32</string>
    <boolean name="OS_RESTORE_TTL_FILTER" value="true" />
    <string name="ONESIGNAL_USERSTATE_DEPENDVALYES_emailTOSYNC_STATE">{&quot;subscribableStatus&quot;:1,&quot;userSubscribePref&quot;:true,&quot;session&quot;:true}</string>
    <string name="ONESIGNAL_USERSTATE_SYNCVALYES_TOSYNC_STATE">{&quot;app_id&quot;:&quot;f912151b-c51e-4f2d-8333-205b436817d3&quot;,&quot;device_os&quot;:&quot;14&quot;,&quot;timezone&quot;:19800,&quot;timezone_id&quot;:&quot;Asia\/Kolkata&quot;,&quot;language&quot;:&quot;en&quot;,&quot;sdk&quot;:&quot;040803&quot;,&quot;sdk_type&quot;:&quot;native&quot;,&quot;android_package&quot;:&quot;com.tamashaplus.user&quot;,&quot;device_model&quot;:&quot;RMX3660&quot;,&quot;game_version&quot;:40,&quot;net_type&quot;:1,&quot;carrier&quot;:&quot;JIO 4G&quot;,&quot;rooted&quot;:false,&quot;identifier&quot;:&quot;fwrLpenPStCbRiH2neQU0z:APA91bF9KPSFKMiFJSlBaaBSfGTDuwAs_-JPurIhTJJQeDh9xTVvacvwRirKu37pRsPX3KiMLm8TfYGvju8kMtzlRMqCHPMY51vDvc_67UVlCazu7_9jAXs&quot;,&quot;device_type&quot;:1,&quot;notification_types&quot;:0}</string>
</map>
